<?xml version="1.0" encoding="UTF-8"?>
<!DOCTYPE mapper PUBLIC "-//mybatis.org//DTD Mapper 3.0//EN" "http://mybatis.org/dtd/mybatis-3-mapper.dtd">

<mapper namespace="com.dao.ChuangzuozheDao">

	<!-- 可根据自己的需求，是否要使用 -->
    <resultMap type="com.entity.ChuangzuozheEntity" id="chuangzuozheMap">
        <result property="chuangzuozhanghao" column="chuangzuozhanghao"/>
        <result property="mima" column="mima"/>
        <result property="chuangzuoxingming" column="chuangzuoxingming"/>
        <result property="touxiang" column="touxiang"/>
        <result property="xingbie" column="xingbie"/>
        <result property="chuangzuodianhua" column="chuangzuodianhua"/>
        <result property="zixunfeiyong" column="zixunfeiyong"/>
    </resultMap>

	<select id="selectListVO"
		resultType="com.entity.vo.ChuangzuozheVO" >
		SELECT * FROM chuangzuozhe  chuangzuozhe         
        <where> 1=1 ${ew.sqlSegment}</where>
	</select>
	
	<select id="selectVO"
		resultType="com.entity.vo.ChuangzuozheVO" >
		SELECT  chuangzuozhe.* FROM chuangzuozhe  chuangzuozhe 	
 		<where> 1=1 ${ew.sqlSegment}</where>
	</select>

    <select id="selectListView"
		resultType="com.entity.view.ChuangzuozheView" >

		SELECT  chuangzuozhe.* FROM chuangzuozhe  chuangzuozhe 	        
        <where> 1=1 ${ew.sqlSegment}</where>
	</select>
	
	<select id="selectView"
		resultType="com.entity.view.ChuangzuozheView" >
		SELECT * FROM chuangzuozhe  chuangzuozhe <where> 1=1 ${ew.sqlSegment}</where>
	</select>
	


</mapper>
