<?xml version="1.0" encoding="UTF-8"?>
<!DOCTYPE mapper PUBLIC "-//mybatis.org//DTD Mapper 3.0//EN" "http://mybatis.org/dtd/mybatis-3-mapper.dtd">

<mapper namespace="com.dao.FufeiwendaDao">

	<!-- 可根据自己的需求，是否要使用 -->
    <resultMap type="com.entity.FufeiwendaEntity" id="fufeiwendaMap">
        <result property="biaoti" column="biaoti"/>
        <result property="chuangzuozhanghao" column="chuangzuozhanghao"/>
        <result property="chuangzuoxingming" column="chuangzuoxingming"/>
        <result property="zhanghao" column="zhanghao"/>
        <result property="xingming" column="xingming"/>
        <result property="zixunfeiyong" column="zixunfeiyong"/>
        <result property="fengmian" column="fengmian"/>
        <result property="zixunwenti" column="zixunwenti"/>
        <result property="beizhu" column="beizhu"/>
        <result property="zixunshijian" column="zixunshijian"/>
        <result property="shhf" column="shhf"/>
        <result property="ispay" column="ispay"/>
    </resultMap>

	<select id="selectListVO"
		resultType="com.entity.vo.FufeiwendaVO" >
		SELECT * FROM fufeiwenda  fufeiwenda         
        <where> 1=1 ${ew.sqlSegment}</where>
	</select>
	
	<select id="selectVO"
		resultType="com.entity.vo.FufeiwendaVO" >
		SELECT  fufeiwenda.* FROM fufeiwenda  fufeiwenda 	
 		<where> 1=1 ${ew.sqlSegment}</where>
	</select>

    <select id="selectListView"
		resultType="com.entity.view.FufeiwendaView" >

		SELECT  fufeiwenda.* FROM fufeiwenda  fufeiwenda 	        
        <where> 1=1 ${ew.sqlSegment}</where>
	</select>
	
	<select id="selectView"
		resultType="com.entity.view.FufeiwendaView" >
		SELECT * FROM fufeiwenda  fufeiwenda <where> 1=1 ${ew.sqlSegment}</where>
	</select>
	


</mapper>
