<?xml version="1.0" encoding="UTF-8"?>
<!DOCTYPE mapper PUBLIC "-//mybatis.org//DTD Mapper 3.0//EN" "http://mybatis.org/dtd/mybatis-3-mapper.dtd">

<mapper namespace="com.dao.JiarushequnDao">

	<!-- 可根据自己的需求，是否要使用 -->
    <resultMap type="com.entity.JiarushequnEntity" id="jiarushequnMap">
        <result property="shequnmingcheng" column="shequnmingcheng"/>
        <result property="chengyuanshuliang" column="chengyuanshuliang"/>
        <result property="fengmian" column="fengmian"/>
        <result property="chuangzuozhanghao" column="chuangzuozhanghao"/>
        <result property="chuangzuoxingming" column="chuangzuoxingming"/>
        <result property="zhanghao" column="zhanghao"/>
        <result property="xingming" column="xingming"/>
        <result property="shenqingyuanyin" column="shenqingyuanyin"/>
        <result property="tijiaoshijian" column="tijiaoshijian"/>
        <result property="sfsh" column="sfsh"/>
        <result property="shhf" column="shhf"/>
    </resultMap>

	<select id="selectListVO"
		resultType="com.entity.vo.JiarushequnVO" >
		SELECT * FROM jiarushequn  jiarushequn         
        <where> 1=1 ${ew.sqlSegment}</where>
	</select>
	
	<select id="selectVO"
		resultType="com.entity.vo.JiarushequnVO" >
		SELECT  jiarushequn.* FROM jiarushequn  jiarushequn 	
 		<where> 1=1 ${ew.sqlSegment}</where>
	</select>

    <select id="selectListView"
		resultType="com.entity.view.JiarushequnView" >

		SELECT  jiarushequn.* FROM jiarushequn  jiarushequn 	        
        <where> 1=1 ${ew.sqlSegment}</where>
	</select>
	
	<select id="selectView"
		resultType="com.entity.view.JiarushequnView" >
		SELECT * FROM jiarushequn  jiarushequn <where> 1=1 ${ew.sqlSegment}</where>
	</select>
	


</mapper>
