<?xml version="1.0" encoding="UTF-8"?>
<!DOCTYPE mapper PUBLIC "-//mybatis.org//DTD Mapper 3.0//EN" "http://mybatis.org/dtd/mybatis-3-mapper.dtd">

<mapper namespace="com.dao.ShequngonggaoDao">

	<!-- 可根据自己的需求，是否要使用 -->
    <resultMap type="com.entity.ShequngonggaoEntity" id="shequngonggaoMap">
        <result property="shequnmingcheng" column="shequnmingcheng"/>
        <result property="zhaopian" column="zhaopian"/>
        <result property="chuangzuozhanghao" column="chuangzuozhanghao"/>
        <result property="chuangzuoxingming" column="chuangzuoxingming"/>
        <result property="gonggaoneirong" column="gonggaoneirong"/>
        <result property="fabushijian" column="fabushijian"/>
        <result property="beizhu" column="beizhu"/>
    </resultMap>

	<select id="selectListVO"
		resultType="com.entity.vo.ShequngonggaoVO" >
		SELECT * FROM shequngonggao  shequngonggao         
        <where> 1=1 ${ew.sqlSegment}</where>
	</select>
	
	<select id="selectVO"
		resultType="com.entity.vo.ShequngonggaoVO" >
		SELECT  shequngonggao.* FROM shequngonggao  shequngonggao 	
 		<where> 1=1 ${ew.sqlSegment}</where>
	</select>

    <select id="selectListView"
		resultType="com.entity.view.ShequngonggaoView" >

		SELECT  shequngonggao.* FROM shequngonggao  shequngonggao 	        
        <where> 1=1 ${ew.sqlSegment}</where>
	</select>
	
	<select id="selectView"
		resultType="com.entity.view.ShequngonggaoView" >
		SELECT * FROM shequngonggao  shequngonggao <where> 1=1 ${ew.sqlSegment}</where>
	</select>
	


</mapper>
