<?xml version="1.0" encoding="UTF-8"?>
<!DOCTYPE mapper PUBLIC "-//mybatis.org//DTD Mapper 3.0//EN" "http://mybatis.org/dtd/mybatis-3-mapper.dtd">

<mapper namespace="com.dao.TixianDao">

	<!-- 可根据自己的需求，是否要使用 -->
    <resultMap type="com.entity.TixianEntity" id="tixianMap">
        <result property="zixunfeiyong" column="zixunfeiyong"/>
        <result property="chuangzuozhanghao" column="chuangzuozhanghao"/>
        <result property="chuangzuoxingming" column="chuangzuoxingming"/>
    </resultMap>

	<select id="selectListVO"
		resultType="com.entity.vo.TixianVO" >
		SELECT * FROM tixian  tixian         
        <where> 1=1 ${ew.sqlSegment}</where>
	</select>
	
	<select id="selectVO"
		resultType="com.entity.vo.TixianVO" >
		SELECT  tixian.* FROM tixian  tixian 	
 		<where> 1=1 ${ew.sqlSegment}</where>
	</select>

    <select id="selectListView"
		resultType="com.entity.view.TixianView" >

		SELECT  tixian.* FROM tixian  tixian 	        
        <where> 1=1 ${ew.sqlSegment}</where>
	</select>
	
	<select id="selectView"
		resultType="com.entity.view.TixianView" >
		SELECT * FROM tixian  tixian <where> 1=1 ${ew.sqlSegment}</where>
	</select>
	


</mapper>
