<?xml version="1.0" encoding="UTF-8"?>
<!DOCTYPE mapper PUBLIC "-//mybatis.org//DTD Mapper 3.0//EN" "http://mybatis.org/dtd/mybatis-3-mapper.dtd">

<mapper namespace="com.dao.ZhishifenleiDao">

	<!-- 可根据自己的需求，是否要使用 -->
    <resultMap type="com.entity.ZhishifenleiEntity" id="zhishifenleiMap">
        <result property="zhishifenlei" column="zhishifenlei"/>
    </resultMap>

	<select id="selectListVO"
		resultType="com.entity.vo.ZhishifenleiVO" >
		SELECT * FROM zhishifenlei  zhishifenlei         
        <where> 1=1 ${ew.sqlSegment}</where>
	</select>
	
	<select id="selectVO"
		resultType="com.entity.vo.ZhishifenleiVO" >
		SELECT  zhishifenlei.* FROM zhishifenlei  zhishifenlei 	
 		<where> 1=1 ${ew.sqlSegment}</where>
	</select>

    <select id="selectListView"
		resultType="com.entity.view.ZhishifenleiView" >

		SELECT  zhishifenlei.* FROM zhishifenlei  zhishifenlei 	        
        <where> 1=1 ${ew.sqlSegment}</where>
	</select>
	
	<select id="selectView"
		resultType="com.entity.view.ZhishifenleiView" >
		SELECT * FROM zhishifenlei  zhishifenlei <where> 1=1 ${ew.sqlSegment}</where>
	</select>
	


</mapper>
