<?xml version="1.0" encoding="UTF-8"?>
<!DOCTYPE mapper PUBLIC "-//mybatis.org//DTD Mapper 3.0//EN" "http://mybatis.org/dtd/mybatis-3-mapper.dtd">

<mapper namespace="com.dao.ZhishiwenzhangDao">

	<!-- 可根据自己的需求，是否要使用 -->
    <resultMap type="com.entity.ZhishiwenzhangEntity" id="zhishiwenzhangMap">
        <result property="biaoti" column="biaoti"/>
        <result property="zhishifenlei" column="zhishifenlei"/>
        <result property="jianjie" column="jianjie"/>
        <result property="fabushijian" column="fabushijian"/>
        <result property="fengmian" column="fengmian"/>
        <result property="neirong" column="neirong"/>
        <result property="shipin" column="shipin"/>
        <result property="yinpin" column="yinpin"/>
        <result property="wenjian" column="wenjian"/>
        <result property="chuangzuozhanghao" column="chuangzuozhanghao"/>
        <result property="chuangzuoxingming" column="chuangzuoxingming"/>
        <result property="zixunfeiyong" column="zixunfeiyong"/>
        <result property="thumbsupnum" column="thumbsupnum"/>
        <result property="crazilynum" column="crazilynum"/>
        <result property="clicktime" column="clicktime"/>
        <result property="clicknum" column="clicknum"/>
        <result property="discussnum" column="discussnum"/>
        <result property="storeupnum" column="storeupnum"/>
    </resultMap>

	<select id="selectListVO"
		resultType="com.entity.vo.ZhishiwenzhangVO" >
		SELECT * FROM zhishiwenzhang  zhishiwenzhang         
        <where> 1=1 ${ew.sqlSegment}</where>
	</select>
	
	<select id="selectVO"
		resultType="com.entity.vo.ZhishiwenzhangVO" >
		SELECT  zhishiwenzhang.* FROM zhishiwenzhang  zhishiwenzhang 	
 		<where> 1=1 ${ew.sqlSegment}</where>
	</select>

    <select id="selectListView"
		resultType="com.entity.view.ZhishiwenzhangView" >

		SELECT  zhishiwenzhang.* FROM zhishiwenzhang  zhishiwenzhang 	        
        <where> 1=1 ${ew.sqlSegment}</where>
	</select>
	
	<select id="selectView"
		resultType="com.entity.view.ZhishiwenzhangView" >
		SELECT * FROM zhishiwenzhang  zhishiwenzhang <where> 1=1 ${ew.sqlSegment}</where>
	</select>
	


</mapper>
