<?xml version="1.0" encoding="UTF-8"?>
<!DOCTYPE mapper PUBLIC "-//mybatis.org//DTD Mapper 3.0//EN" "http://mybatis.org/dtd/mybatis-3-mapper.dtd">

<mapper namespace="com.dao.ZuozheshequnDao">

	<!-- 可根据自己的需求，是否要使用 -->
    <resultMap type="com.entity.ZuozheshequnEntity" id="zuozheshequnMap">
        <result property="shequnmingcheng" column="shequnmingcheng"/>
        <result property="fengmian" column="fengmian"/>
        <result property="chengyuanshuliang" column="chengyuanshuliang"/>
        <result property="chuangjianshijian" column="chuangjianshijian"/>
        <result property="shequnxiangqing" column="shequnxiangqing"/>
        <result property="chuangzuozhanghao" column="chuangzuozhanghao"/>
        <result property="chuangzuoxingming" column="chuangzuoxingming"/>
        <result property="sfsh" column="sfsh"/>
        <result property="shhf" column="shhf"/>
    </resultMap>

	<select id="selectListVO"
		resultType="com.entity.vo.ZuozheshequnVO" >
		SELECT * FROM zuozheshequn  zuozheshequn         
        <where> 1=1 ${ew.sqlSegment}</where>
	</select>
	
	<select id="selectVO"
		resultType="com.entity.vo.ZuozheshequnVO" >
		SELECT  zuozheshequn.* FROM zuozheshequn  zuozheshequn 	
 		<where> 1=1 ${ew.sqlSegment}</where>
	</select>

    <select id="selectListView"
		resultType="com.entity.view.ZuozheshequnView" >

		SELECT  zuozheshequn.* FROM zuozheshequn  zuozheshequn 	        
        <where> 1=1 ${ew.sqlSegment}</where>
	</select>
	
	<select id="selectView"
		resultType="com.entity.view.ZuozheshequnView" >
		SELECT * FROM zuozheshequn  zuozheshequn <where> 1=1 ${ew.sqlSegment}</where>
	</select>
	


</mapper>
