{
	"pages": [ {
		"path": "pages/index/index",
		"style": {
			"navigationBarBackgroundColor": "#FFFFFF",
			"navigationBarTextStyle": "black",
			"navigationBarTitleText": "首页"
		}
	},{
		"path": "pages/login/login",
		"style": {
			"navigationBarBackgroundColor": "#FFFFFF",
			"navigationBarTextStyle": "black",
			"navigationBarTitleText": "登录"
		}
	}, {
		"path": "pages/register/register",
		"style": {
			"navigationBarBackgroundColor": "#FFFFFF",
			"navigationBarTextStyle": "black",
			"navigationBarTitleText": "注册"
		}
	}, {
		"path": "pages/forget/forget",
		"style": {
			"navigationBarBackgroundColor": "#FFFFFF",
			"navigationBarTextStyle": "black",
			"navigationBarTitleText": "忘记密码"
		}
	}, {
		"path": "pages/center/center",
		"style": {
			"navigationBarBackgroundColor": "#FFFFFF",
			"navigationBarTextStyle": "black",
			"navigationBarTitleText": "我的"
		}
	}, {
		"path": "pages/user-info/user-info",
		"style": {
			"navigationBarBackgroundColor": "#FFFFFF",
			"navigationBarTextStyle": "black",
			"navigationBarTitleText": "用户信息"
		}
	}
	, {
		"path": "pages/shop-recharge/buyvip-confirm",
		"style": {
			"navigationBarTitleText": "会员购买"
		}
	}, {
		"path": "pages/shop-recharge/buyvip-result",
		"style": {
			"navigationBarTitleText": "会员购买"
		}
	}
	, {
		"path": "pages/news-detail/news-detail",
		"style": {
			"navigationBarBackgroundColor": "#FFFFFF",
			"navigationBarTextStyle": "black",
			"navigationBarTitleText": "公告详情"
		}
	}
	,{
		"path": "pages/chuangzuozhe/list",
		"style": {
			"navigationBarBackgroundColor": "#FFFFFF",
			"navigationBarTextStyle": "black",
			"navigationBarTitleText": "创作者"
		}
	},{
		"path": "pages/chuangzuozhe/add-or-update",
		"style": {
			"navigationBarBackgroundColor": "#FFFFFF",
			"navigationBarTextStyle": "black",
			"navigationBarTitleText": "创作者"
		}
	}
	,{
		"path": "pages/chuangzuozhe/detail",
		"style": {
			"navigationBarBackgroundColor": "#FFFFFF",
			"navigationBarTextStyle": "black",
			"navigationBarTitleText": "创作者"
		}
	}
	,{
		"path": "pages/yonghu/list",
		"style": {
			"navigationBarBackgroundColor": "#FFFFFF",
			"navigationBarTextStyle": "black",
			"navigationBarTitleText": "用户"
		}
	},{
		"path": "pages/yonghu/add-or-update",
		"style": {
			"navigationBarBackgroundColor": "#FFFFFF",
			"navigationBarTextStyle": "black",
			"navigationBarTitleText": "用户"
		}
	}
	,{
		"path": "pages/yonghu/detail",
		"style": {
			"navigationBarBackgroundColor": "#FFFFFF",
			"navigationBarTextStyle": "black",
			"navigationBarTitleText": "用户"
		}
	}
	,{
		"path": "pages/zhishiwenzhang/list",
		"style": {
			"navigationBarBackgroundColor": "#FFFFFF",
			"navigationBarTextStyle": "black",
			"navigationBarTitleText": "知识文章"
		}
	},{
		"path": "pages/zhishiwenzhang/add-or-update",
		"style": {
			"navigationBarBackgroundColor": "#FFFFFF",
			"navigationBarTextStyle": "black",
			"navigationBarTitleText": "知识文章"
		}
	}
	,{
		"path": "pages/zhishiwenzhang/detail",
		"style": {
			"navigationBarBackgroundColor": "#FFFFFF",
			"navigationBarTextStyle": "black",
			"navigationBarTitleText": "知识文章"
		}
	}
	,{
		"path": "pages/zhishifenlei/list",
		"style": {
			"navigationBarBackgroundColor": "#FFFFFF",
			"navigationBarTextStyle": "black",
			"navigationBarTitleText": "知识分类"
		}
	},{
		"path": "pages/zhishifenlei/add-or-update",
		"style": {
			"navigationBarBackgroundColor": "#FFFFFF",
			"navigationBarTextStyle": "black",
			"navigationBarTitleText": "知识分类"
		}
	}
	,{
		"path": "pages/zhishifenlei/detail",
		"style": {
			"navigationBarBackgroundColor": "#FFFFFF",
			"navigationBarTextStyle": "black",
			"navigationBarTitleText": "知识分类"
		}
	}
	,{
		"path": "pages/zuozheshequn/list",
		"style": {
			"navigationBarBackgroundColor": "#FFFFFF",
			"navigationBarTextStyle": "black",
			"navigationBarTitleText": "作者社群"
		}
	},{
		"path": "pages/zuozheshequn/add-or-update",
		"style": {
			"navigationBarBackgroundColor": "#FFFFFF",
			"navigationBarTextStyle": "black",
			"navigationBarTitleText": "作者社群"
		}
	}
	,{
		"path": "pages/zuozheshequn/detail",
		"style": {
			"navigationBarBackgroundColor": "#FFFFFF",
			"navigationBarTextStyle": "black",
			"navigationBarTitleText": "作者社群"
		}
	}
	,{
		"path": "pages/jiarushequn/list",
		"style": {
			"navigationBarBackgroundColor": "#FFFFFF",
			"navigationBarTextStyle": "black",
			"navigationBarTitleText": "加入社群"
		}
	},{
		"path": "pages/jiarushequn/add-or-update",
		"style": {
			"navigationBarBackgroundColor": "#FFFFFF",
			"navigationBarTextStyle": "black",
			"navigationBarTitleText": "加入社群"
		}
	}
	,{
		"path": "pages/jiarushequn/detail",
		"style": {
			"navigationBarBackgroundColor": "#FFFFFF",
			"navigationBarTextStyle": "black",
			"navigationBarTitleText": "加入社群"
		}
	}
	,{
		"path": "pages/shequngonggao/list",
		"style": {
			"navigationBarBackgroundColor": "#FFFFFF",
			"navigationBarTextStyle": "black",
			"navigationBarTitleText": "社群公告"
		}
	},{
		"path": "pages/shequngonggao/add-or-update",
		"style": {
			"navigationBarBackgroundColor": "#FFFFFF",
			"navigationBarTextStyle": "black",
			"navigationBarTitleText": "社群公告"
		}
	}
	,{
		"path": "pages/shequngonggao/detail",
		"style": {
			"navigationBarBackgroundColor": "#FFFFFF",
			"navigationBarTextStyle": "black",
			"navigationBarTitleText": "社群公告"
		}
	}
	,{
		"path": "pages/fufeiwenda/list",
		"style": {
			"navigationBarBackgroundColor": "#FFFFFF",
			"navigationBarTextStyle": "black",
			"navigationBarTitleText": "付费问答"
		}
	},{
		"path": "pages/fufeiwenda/add-or-update",
		"style": {
			"navigationBarBackgroundColor": "#FFFFFF",
			"navigationBarTextStyle": "black",
			"navigationBarTitleText": "付费问答"
		}
	}
	,{
		"path": "pages/fufeiwenda/detail",
		"style": {
			"navigationBarBackgroundColor": "#FFFFFF",
			"navigationBarTextStyle": "black",
			"navigationBarTitleText": "付费问答"
		}
	}
	,{
		"path": "pages/tixian/list",
		"style": {
			"navigationBarBackgroundColor": "#FFFFFF",
			"navigationBarTextStyle": "black",
			"navigationBarTitleText": "提现"
		}
	},{
		"path": "pages/tixian/add-or-update",
		"style": {
			"navigationBarBackgroundColor": "#FFFFFF",
			"navigationBarTextStyle": "black",
			"navigationBarTitleText": "提现"
		}
	}
	,{
		"path": "pages/tixian/detail",
		"style": {
			"navigationBarBackgroundColor": "#FFFFFF",
			"navigationBarTextStyle": "black",
			"navigationBarTitleText": "提现"
		}
	}
	,{
		"path": "pages/chatmessage/list",
		"style": {
			"navigationBarBackgroundColor": "#FFFFFF",
			"navigationBarTextStyle": "black",
			"navigationBarTitleText": "消息表"
		}
	},{
		"path": "pages/chatmessage/add-or-update",
		"style": {
			"navigationBarBackgroundColor": "#FFFFFF",
			"navigationBarTextStyle": "black",
			"navigationBarTitleText": "消息表"
		}
	}
	,{
		"path": "pages/chatmessage/detail",
		"style": {
			"navigationBarBackgroundColor": "#FFFFFF",
			"navigationBarTextStyle": "black",
			"navigationBarTitleText": "消息表"
		}
	}
	,{
		"path": "pages/friend/list",
		"style": {
			"navigationBarBackgroundColor": "#FFFFFF",
			"navigationBarTextStyle": "black",
			"navigationBarTitleText": "好友表"
		}
	},{
		"path": "pages/friend/add-or-update",
		"style": {
			"navigationBarBackgroundColor": "#FFFFFF",
			"navigationBarTextStyle": "black",
			"navigationBarTitleText": "好友表"
		}
	}
	,{
		"path": "pages/friend/detail",
		"style": {
			"navigationBarBackgroundColor": "#FFFFFF",
			"navigationBarTextStyle": "black",
			"navigationBarTitleText": "好友表"
		}
	}
	,{
		"path": "pages/forumtype/list",
		"style": {
			"navigationBarBackgroundColor": "#FFFFFF",
			"navigationBarTextStyle": "black",
			"navigationBarTitleText": "论坛类型"
		}
	},{
		"path": "pages/forumtype/add-or-update",
		"style": {
			"navigationBarBackgroundColor": "#FFFFFF",
			"navigationBarTextStyle": "black",
			"navigationBarTitleText": "论坛类型"
		}
	}
	,{
		"path": "pages/forumtype/detail",
		"style": {
			"navigationBarBackgroundColor": "#FFFFFF",
			"navigationBarTextStyle": "black",
			"navigationBarTitleText": "论坛类型"
		}
	}
	,{
		"path": "pages/forumreport/list",
		"style": {
			"navigationBarBackgroundColor": "#FFFFFF",
			"navigationBarTextStyle": "black",
			"navigationBarTitleText": "论坛举报"
		}
	},{
		"path": "pages/forumreport/add-or-update",
		"style": {
			"navigationBarBackgroundColor": "#FFFFFF",
			"navigationBarTextStyle": "black",
			"navigationBarTitleText": "论坛举报"
		}
	}
	,{
		"path": "pages/forumreport/detail",
		"style": {
			"navigationBarBackgroundColor": "#FFFFFF",
			"navigationBarTextStyle": "black",
			"navigationBarTitleText": "论坛举报"
		}
	}
	,{
		"path": "pages/newstype/list",
		"style": {
			"navigationBarBackgroundColor": "#FFFFFF",
			"navigationBarTextStyle": "black",
			"navigationBarTitleText": "公告分类"
		}
	},{
		"path": "pages/newstype/add-or-update",
		"style": {
			"navigationBarBackgroundColor": "#FFFFFF",
			"navigationBarTextStyle": "black",
			"navigationBarTitleText": "公告分类"
		}
	}
	,{
		"path": "pages/newstype/detail",
		"style": {
			"navigationBarBackgroundColor": "#FFFFFF",
			"navigationBarTextStyle": "black",
			"navigationBarTitleText": "公告分类"
		}
	}
	,{
		"path": "pages/news/list",
		"style": {
			"navigationBarBackgroundColor": "#FFFFFF",
			"navigationBarTextStyle": "black",
			"navigationBarTitleText": "公告"
		}
	},{
		"path": "pages/news/add-or-update",
		"style": {
			"navigationBarBackgroundColor": "#FFFFFF",
			"navigationBarTextStyle": "black",
			"navigationBarTitleText": "公告"
		}
	}
	,{
		"path": "pages/storeup/list",
		"style": {
			"navigationBarBackgroundColor": "#FFFFFF",
			"navigationBarTextStyle": "black",
			"navigationBarTitleText": "收藏表"
		}
	},{
		"path": "pages/storeup/add-or-update",
		"style": {
			"navigationBarBackgroundColor": "#FFFFFF",
			"navigationBarTextStyle": "black",
			"navigationBarTitleText": "收藏表"
		}
	}
	,{
		"path": "pages/storeup/detail",
		"style": {
			"navigationBarBackgroundColor": "#FFFFFF",
			"navigationBarTextStyle": "black",
			"navigationBarTitleText": "收藏表"
		}
	}
	,{
		"path": "pages/aboutus/list",
		"style": {
			"navigationBarBackgroundColor": "#FFFFFF",
			"navigationBarTextStyle": "black",
			"navigationBarTitleText": "关于我们"
		}
	},{
		"path": "pages/aboutus/add-or-update",
		"style": {
			"navigationBarBackgroundColor": "#FFFFFF",
			"navigationBarTextStyle": "black",
			"navigationBarTitleText": "关于我们"
		}
	}
	,{
		"path": "pages/aboutus/detail",
		"style": {
			"navigationBarBackgroundColor": "#FFFFFF",
			"navigationBarTextStyle": "black",
			"navigationBarTitleText": "关于我们"
		}
	}
	,{
		"path": "pages/systemintro/list",
		"style": {
			"navigationBarBackgroundColor": "#FFFFFF",
			"navigationBarTextStyle": "black",
			"navigationBarTitleText": "系统简介"
		}
	},{
		"path": "pages/systemintro/add-or-update",
		"style": {
			"navigationBarBackgroundColor": "#FFFFFF",
			"navigationBarTextStyle": "black",
			"navigationBarTitleText": "系统简介"
		}
	}
	,{
		"path": "pages/systemintro/detail",
		"style": {
			"navigationBarBackgroundColor": "#FFFFFF",
			"navigationBarTextStyle": "black",
			"navigationBarTitleText": "系统简介"
		}
	}
	,{
		"path": "pages/discusszhishiwenzhang/list",
		"style": {
			"navigationBarBackgroundColor": "#FFFFFF",
			"navigationBarTextStyle": "black",
			"navigationBarTitleText": "知识文章评论表"
		}
	},{
		"path": "pages/discusszhishiwenzhang/add-or-update",
		"style": {
			"navigationBarBackgroundColor": "#FFFFFF",
			"navigationBarTextStyle": "black",
			"navigationBarTitleText": "知识文章评论表"
		}
	}
	,{
		"path": "pages/discusszhishiwenzhang/detail",
		"style": {
			"navigationBarBackgroundColor": "#FFFFFF",
			"navigationBarTextStyle": "black",
			"navigationBarTitleText": "知识文章评论表"
		}
	}
    , {
		"path": "pages/forum-index/forum-index",
		"style": {
			"navigationBarBackgroundColor": "#FFFFFF",
			"navigationBarTextStyle": "black",
			"navigationBarTitleText": "论坛"
		}
	}, {
		"path": "pages/forum-detail/forum-detail",
		"style": {
			"navigationBarBackgroundColor": "#FFFFFF",
			"navigationBarTextStyle": "black",
			"navigationBarTitleText": "论坛发帖详情"
		}
	}, {
		"path": "pages/forum-reply/forum-reply",
		"style": {
			"navigationBarBackgroundColor": "#FFFFFF",
			"navigationBarTextStyle": "black",
			"navigationBarTitleText": "回复评论"
		}
	}, {
		"path": "pages/forum-list/list",
		"style": {
			"navigationBarBackgroundColor": "#FFFFFF",
			"navigationBarTextStyle": "black",
			"navigationBarTitleText": "我的发布"
		}
	}, {
		"path": "pages/forum-my/forum-my",
		"style": {
			"navigationBarBackgroundColor": "#FFFFFF",
			"navigationBarTextStyle": "black",
			"navigationBarTitleText": "我的发布"
		}
	}, {
		"path": "pages/forum-add-or-update/forum-add-or-update",
		"style": {
			"navigationBarBackgroundColor": "#FFFFFF",
			"navigationBarTextStyle": "black",
			"navigationBarTitleText": "我的发布"
		}
	}
	, {
		"path": "pages/pay-confirm/pay-confirm",
		"style": {
			"navigationBarTitleText": "确认支付"
		}
	}
    ,{
        "path": "common/linkOthers/linkOthers",
        "style": {
			"navigationBarBackgroundColor": "#FFFFFF",
			"navigationBarTextStyle": "black"
        }
    }
	],
	"globalStyle": {
		"navigationBarTextStyle": "black",
		"navigationBarTitleText": "软件学院知识星球小程序的设计与实现",
		"navigationBarBackgroundColor": "#F8F8F8",
		"backgroundColor": "#F8F8F8"
	},
	"tabBar": {
		"color": "#D1D1D1",
		"selectedColor": "#FFFFFF",
		"borderStyle": "white",
		"backgroundColor": "#45A0EE",
		"list": [
			{
				"pagePath": "pages/index/index",
				"iconPath": "static/tabs/index.png",
				"selectedIconPath": "static/tabs/index1.png",
				"text": "首页"
			}
			

			,{
				"pagePath": "pages/zhishiwenzhang/list",
				"iconPath": "/static/tabs/icon1.png",
				"selectedIconPath": "/static/tabs/icon1_act.png",
				"text": "知识文章"
			}
			,{
				"pagePath": "pages/zuozheshequn/list",
				"iconPath": "/static/tabs/icon2.png",
				"selectedIconPath": "/static/tabs/icon2_act.png",
				"text": "作者社群"
			}



			,{
			 	"pagePath": "pages/forum-index/forum-index",
				"iconPath": "static/tabs/forum.png",
			 	"selectedIconPath": "static/tabs/forum_act.png",
				"text": "论坛"
			}


			,{
				"pagePath": "pages/center/center",
				"iconPath": "static/tabs/mine.png",
				"selectedIconPath": "static/tabs/mine1.png",
				"text": "我的"
			}
		]
	}
}
